text,label
New study shows that nature exposure reduces cortisol levels and lowers stress,1
New report shows that foreign direct investment in developing nations increased this year,1
City introduces new incentive program to encourage residents to install solar panels,1
Leaked NASA footage shows clear evidence of structures built on the surface of the moon,0
Researchers find that small business loans to women entrepreneurs have highest repayment rates,1
New evidence proves that every major election in history was predetermined by elite,0
Illuminati symbol found on currency proves secret society controls banking system,0
Government launches initiative to bring high-speed internet to all rural areas by 2030,1
Researchers develop new treatment that reduces migraine frequency by fifty percent,1
Shocking truth about diet soda it causes more weight gain than regular soda always,0
Government announces new scholarship program to fund students in science and technology,1
Scientists develop new water purification method using sunlight and natural minerals,1
Scientists develop new imaging technology that detects tumors at an earlier stage,1
New law will ban all pets from homes starting next month government says,0
Man cures terminal cancer with baking soda and lemon juice doctors are furious,0
New study shows that walking ten thousand steps daily improves cardiovascular health,1
Shocking truth about toothpaste it contains chemicals that cause memory loss,0
New study proves that sleeping is bad for human health,0
Bombshell new study reveals that smartphones emit radiation that causes brain tumors,0
Shocking truth about electric cars their batteries emit radiation that causes cancer,0
You won't believe what they found inside a vaccine bottle hidden ingredient,0
Antarctica is actually a giant ice wall keeping us inside a flat earth dome,0
Scientists find that certain fish species are recovering after years of overfishing,1
Whistleblower exposes global pedophile ring operating inside major world governments,0
Whistleblower reveals that all elections worldwide have been rigged for fifty years,0
Shocking truth about chocolate it contains addictive substance stronger than cocaine,0
Scientists find that drinking cold water immediately after eating causes stomach cancer,0
Scientists develop new material that can absorb oil spills quickly and efficiently,1
New report shows global renewable energy capacity doubled in the past five years,1
Scientists find that probiotics help reduce symptoms of irritable bowel syndrome,1
Shocking truth about bottled water it contains chemicals that cause infertility,0
Researchers develop gene therapy that shows promise for treating inherited blindness,1
Ancient pyramid found on Mars proves humans lived there in the past,0
Scientists paid millions to suppress study proving prayer cures all known diseases,0
Shocking revelation hospitals add addictive substances to medications to keep patients coming back,0
Scientists develop new cancer immunotherapy approach with promising early trial results,1
Researchers find that affordable housing policies reduce homelessness rates effectively,1
Explosive revelation banks have been creating money from nothing for over one hundred years,0
Scientists discover that human eyes emit radiation that can be used to track people,0
Scientists prove that dinosaurs actually lived alongside humans just three thousand years ago,0
New study shows that community policing strategies reduce crime more effectively,1
New research proves that vegetables grown in soil contain mind-altering chemicals,0
Scientists prove that dinosaur bones were planted by the government to push evolution hoax,0
Scientists develop pill that makes you permanently happy with no side effects,0
Scientists develop new water purification method using sunlight and natural minerals,1
Researchers develop new noninvasive method to monitor blood glucose levels daily,1
New study reveals that sitting for more than one hour causes permanent organ damage,0
New legislation introduced to increase transparency in political campaign financing,1
Scientists confirm that air quality regulations have significantly reduced pollution,1
City launches new apprenticeship program connecting young adults to skilled trades,1
Secret treaty signed by world leaders to hand over sovereignty to alien race,0
New evidence shows crop circles are alien messages warning about government plans,0
Government launches program providing free job training for displaced factory workers,1
Doctors hide the fact that aspirin causes more deaths than it prevents every year,0
Government releases new guidelines for food safety and restaurant inspections,1
Scientists confirm that eating meat causes humans to become aggressive and violent,0
Eating chocolate every day makes you lose 50 pounds in one month,0
New study shows that telehealth services have expanded access to medical care significantly,1
Scientists announce discovery of water ice deposits on the surface of Mercury,1
Shocking truth all national borders are fake and secretly controlled by one organization,0
Scientists confirm that genetically modified foods cause cancer in third generation,0
New study proves that video games cause violent behavior in one hundred percent of players,0
Shocking new discovery ancient humans were one hundred feet tall before government shrunk them,0
Major city plans to put mind control drug in drinking water next year,0
Researchers discover that ocean acidification is affecting shellfish reproduction rates,1
New study links access to clean drinking water with improved childhood health outcomes,1
Scientists confirm evolution is a hoax invented to control the population masses,0
Researchers find evidence that pollinator populations are recovering in protected areas,1
Shocking new proof that celebrity deaths are faked and they live in secret community,0
Scientists discover that drinking bleach cures all diseases instantly,0
This simple trick cures diabetes in seventy two hours doctors absolutely hate this,0
Scientists prove that area fifty one contains live aliens working with US government,0
New study proves that autism is directly caused by childhood vaccines shocking truth,0
Breaking news government using smart meters to spy on citizens in their own homes daily,0
Researchers discover that ancient climate data preserved in cave formations worldwide,1
Breaking exclusive secret society using weather control to cause droughts in poor countries,0
Government admits moon landing was filmed in Hollywood studio,0
Scientists observe that Antarctic ice sheet is losing mass at an increasing rate,1
Scientists find that reintroducing wolves to ecosystem restored natural balance,1
This doctor cured one thousand cancer patients with baking soda he was immediately jailed,0
Shocking truth discovered ancient civilization existed underground with advanced technology,0
Scientists prove that psychic powers are real and suppressed by governments globally,0
Researchers find that employee ownership models increase worker satisfaction and productivity,1
Shocking government caught secretly adding birth control chemicals to public water supply,0
Doctors don't want you to know this miracle herb that cures all autoimmune diseases,0
New report shows global literacy rate has reached its highest point in recorded history,1
Shocking truth about coffee it contains a substance that makes people easier to control,0
Scientists discover new type of star that emits unusual light patterns in deep space,1
Medical team performs first successful surgery using new robotic assistance system,1
Researchers develop new sensor technology to detect structural weaknesses in bridges,1
Breaking news government deploys invisible surveillance satellites over every major city,0
Researchers develop portable water testing kit for use in remote areas worldwide,1
Hollywood celebrities are all clones controlled by shadow government insiders,0
Researchers find that soil health improvements increase crop yields by twenty percent,1
The pyramids are actually ancient power stations that once powered the entire world,0
They don't want you to know this simple cure that destroys big pharma,0
Doctors admit that chemotherapy kills more patients than cancer itself does,0
Shocking new study reveals that all restaurant food is secretly laced with addictive chemicals,0
New report shows that renewable energy jobs now outnumber fossil fuel jobs globally,1
Scientists prove that humans are genetically engineered by aliens millions of years ago,0
New study shows air quality improvements linked to lower rates of childhood asthma,1
New study shows that universal pre-kindergarten improves long-term educational outcomes,1
Researchers find that cities with strong public transit have lower income inequality,1
Scientists develop new cancer screening method that is faster and more accurate,1
Scientists find that spending time in nature reduces anxiety and depression symptoms,1
Scientists prove that the moon controls human emotions more than any other factor,0
Study finds that remote work increases productivity for most office workers globally,1
Government introduces universal basic income pilot program in three major cities,1
Major technology company caught installing spy software on all devices sold worldwide,0
Medical researchers make progress toward universal flu vaccine development efforts,1
Scientists develop new method to produce hydrogen fuel more efficiently and cheaply,1
Breaking shocking whistleblower exposes that all world currencies are completely worthless,0
Scientists develop new method to produce hydrogen fuel more efficiently and cheaply,1
Scientists confirm that Mediterranean diet reduces risk of heart disease by thirty percent,1
Stock markets close higher after positive employment data released Friday,1
Researchers develop new method to detect groundwater contamination faster and cheaply,1
Scientists observe that Antarctic ice sheet is losing mass at an increasing rate,1
Crisis actor caught on camera at multiple disaster sites proves staged events,0
Scientists observe that urban wildlife populations are adapting to city environments,1
Doctors confirm that all vitamins sold in stores are completely useless and toxic,0
Scientists confirm that Arctic ice is melting three times faster than global average,1
Chemist fired after discovering that hand sanitizer causes permanent brain damage,0
Ancient cure for diabetes suppressed by medical industry for over one hundred years,0
Microchips discovered in vaccines activated by 5G towers worldwide proven,0
City announces new bike sharing program to reduce vehicle traffic in downtown area,1
Doctors secretly paid to push dangerous drugs instead of natural healing remedies,0
Scientists confirm that public investment in infrastructure creates more jobs than tax cuts,1
Scientists complete mapping of ancient genome providing new historical insights,1
New miracle drug cures all forms of arthritis in three days big pharma hates this,0
Researchers find promising new drug compound that may slow progression of Alzheimers,1
Government announces new initiative to reduce food insecurity among school children,1
Scientists confirm that workplace flexibility policies reduce gender wage gap over time,1
Unbelievable proof that water memory exists and can store information like computer,0
Whistleblower reveals world governments have cure for aging kept secret for decades,0
Doctors recommend increasing vitamin D intake during winter months for health,1
Fluoride in drinking water proven to lower IQ and make population docile,0
Researchers develop new low-cost diagnostic tool for detecting infectious diseases,1
City announces new pedestrian safety improvements at high-risk intersections downtown,1
Annual report shows literacy rates have improved in developing countries globally,1
New medical device approved that helps patients with paralysis regain movement,1
Government plans to ban cash payments entirely and force microchip implants on citizens,0
Researchers find that regular stretching reduces chronic back pain in office workers,1
Top scientists say reading books causes brain damage in adults,0
Leaked government document reveals plan to reduce world population by fifty percent,0
Scientists confirm that recycling is a government scam and all waste goes to same place,0
Scientists confirm that the human brain can be remotely controlled using specific frequencies,0
Farmers adopt new irrigation technology to reduce water usage significantly,1
Scientists discover that human blood type determines your personality completely,0
Government expands broadband internet access to rural communities nationwide,1
Top cardiologist exposes shocking truth that heart disease is caused by government,0
Unbelievable breakthrough cure for HIV suppressed by pharmaceutical companies globally,0
Scientists discover that social media use causes permanent changes to human DNA structure,0
Shocking truth milk is actually poisonous to adults and causes bone weakness,0
Government releases updated dietary guidelines based on latest nutritional research,1
Local fire department introduces new drone technology for search and rescue operations,1
Secret society of bankers caught on tape planning to crash the global economy soon,0
New report shows that global malaria deaths have declined significantly since 2000,1
Researchers find that ocean temperatures are rising at an accelerating rate globally,1
Ancient cure for diabetes suppressed by medical industry for over one hundred years,0
Scientists develop new blood test that can detect cancer years before symptoms appear,1
Scientists discover that gut microbiome diversity is linked to better overall health,1
Researchers find evidence suggesting that early humans used medicinal plants regularly,1
Drinking lemon juice cures cancer according to secret ancient remedy,0
Secret underground tunnel network discovered connecting all major government buildings,0
New study proves that fluorescent lighting causes cancer and government covers it up,0
New law secretly passed that gives government access to every home camera nationwide,0
New study proves that sugar is not bad it was a lie created by big pharma companies,0
Government launches new digital identity program to improve access to public services,1
Scientists discover fossils of previously unknown dinosaur species in South America,1
Man survives for ten years eating only air and sunlight claims doctor,0
Scientists confirm that humans have a secret eighth sense that governments suppress,0
Scientists find that global fish populations are responding to conservation measures,1
Secret ingredient in fast food proven to cause addiction stronger than heroin,0
Secret underground cities built by elite preparing for engineered apocalypse,0
New legislation requires electric utilities to source thirty percent from renewables,1
New report shows global renewable energy capacity doubled in the past five years,1
Bombshell new study reveals that smartphones emit radiation that causes brain tumors,0
Researchers find that music therapy improves recovery outcomes for stroke patients,1
Government expands mental health coverage in national insurance program this year,1
Scientists say eating ice cream for breakfast actually improves brain function significantly,0
New pill replaces need for sleep doctors do not want you to know this,0
New research proves that WiFi signals are destroying human DNA slowly,0
Government announces new program to provide financial literacy education in high schools,1
Government admits it has been running secret experiments on citizens for over sixty years,0
Government hiding cure for baldness discovered twenty years ago by independent scientist,0
Scientists discover that the Amazon rainforest is actually an ancient artificial garden,0
New study shows that financial literacy programs reduce household debt significantly,1
Government confirms existence of time travel technology hidden from public decades,0
Secret military base in Nevada houses living extraterrestrial beings since nineteen fifty,0
Study shows children who read regularly perform better academically in school,1
Scientists discover that humans can photosynthesize sunlight for energy like plants,0
Researchers find that ocean temperatures are rising at an accelerating rate globally,1
Scientists develop new method to produce hydrogen fuel more efficiently and cheaply,1
The sun is actually cold and NASA has been lying about solar temperatures,0
Scientists create new biodegradable packaging that dissolves safely in water,1
City launches electric bus fleet to reduce carbon emissions from public transport,1
Secret frequency in popular music rewires human brain to accept government control,0
New research shows that eating more fiber reduces risk of colorectal cancer by thirty percent,1
New legislation requires large corporations to publish gender pay gap data annually,1
New study shows that affordable internet access increases economic productivity significantly,1
Scientists say the earth is actually flat and NASA is lying to us,0
Scientists discover that sleep deprivation impairs immune response significantly,1
Scientists discover that laughing too much causes permanent brain damage shocking,0
City introduces new noise ordinances to improve quality of life in residential areas,1
Unbelievable new evidence proves the earth is inside a giant hollow sphere structure,0
New report shows that investment in renewable energy creates more jobs than fossil fuels,1
Scientists find that coral reef restoration projects show encouraging early results,1
Scientists confirm that dreams are actually visits to parallel universes while sleeping,0
Breaking news all major tech companies are secretly owned by one government agency,0
Government adds chemicals to rain water to control population behavior,0
Obama secretly born in Kenya new documents prove citizenship was completely forged,0
City announces new composting program to divert organic waste from landfills this year,1
Scientists bribed by corporations to hide the truth about GMO food dangers,0
Bombshell leaked video shows world leaders meeting with extraterrestrial beings in secret,0
Secret alien base discovered under the ocean floor off the coast of California,0
City partners with local farms to supply fresh produce to food banks year-round,1
New study reveals that all canned foods contain chemicals that cause cancer,0
President secretly replaced by robot clone three years ago sources say,0
Bombshell revelation all major world banks are controlled by one secret family bloodline,0
Scientists confirm that human beings have seven senses government hides three of them,0
Top scientist fired for proving that the speed of light is actually variable not constant,0
Aliens have landed in Washington DC but media is hiding the truth,0
New research reveals that all commercial bread contains addictive mind-altering substances,0
New research proves that sunglasses cause blindness when worn more than one hour daily,0
Researchers find that social support networks improve recovery rates from illness,1
New evidence proves that mermaids exist and governments worldwide hide the truth,0
New report shows that women-owned businesses grew by fifteen percent this year,1
EXPLOSIVE truth exposed about mainstream media they are all controlled by one corporation,0
Scientists confirm that ozone layer continues its recovery following global treaty,1
New legislation aims to close loopholes that allow companies to avoid paying taxes,1
Health officials urge residents to get flu vaccinations before winter season,1
Scientists find that reintroducing wolves to ecosystem restored natural balance,1
New study shows that telemedicine improves health outcomes in remote communities,1
Scientists confirm that getting flu vaccine reduces risk of hospitalization by forty percent,1
New study reveals link between sleep quality and mental health in teenagers,1
Government passes new law requiring transparent pricing in the healthcare industry,1
New national park established to protect endangered wildlife and natural habitat,1
New app helps farmers predict weather patterns and optimize crop planting schedule,1
Government allocates funding for mental health services in rural communities,1
Scientists confirm that prayer and positive thinking can regrow lost limbs completely,0
Scientists discover that computer screens emit rays that slowly destroy human eyesight,0
Local man grows third arm after eating GMO foods for a week,0
Researchers develop new test that can identify genetic diseases in newborns quickly,1
Scientists confirm that workplace diversity improves company performance and innovation,1
Scientists develop new technique to grow organs in the laboratory for transplantation,1
Government announces new apprenticeship program targeting youth unemployment in rural areas,1
New study finds that hospitals deliberately give wrong diagnoses to increase profit,0
New report shows that global poverty rates have declined over the past two decades,1
New document leak shows major election completely fraudulent machines pre-programmed,0
New evidence shows major terrorist attack was a false flag operation by own government,0
International agreement reached on reducing plastic waste in ocean environments,1
This common herb cures Alzheimers in two weeks big pharma does not want you to know,0
Researchers develop new type of battery that charges fully in under five minutes,1
Scientists discover new enzyme that could help break down plastic waste more efficiently,1
Scientists observe record-breaking solar flare but no major impact expected on earth,1
New research proves beyond doubt that the earth is only six thousand years old,0
Scientists confirm that the universe is actually shrinking and government hides it,0
New legislation aims to improve cybersecurity standards for financial institutions,1
This retired nurse exposes the truth about hospitals they are harvesting patient organs,0
Researchers discover that stress management techniques lower blood pressure effectively,1
Breaking tech companies secretly recording all conversations through smart devices always,0
New report shows renewable energy now accounts for thirty percent of global electricity,1
Reptilian aliens control the royal family proof found in newly discovered documents,0
City opens new recycling facility capable of processing previously non-recyclable materials,1
NASA scientist admits on deathbed that we never went to the moon it was staged,0
New study links access to quality childcare with higher rates of maternal employment,1
New report shows that income inequality has declined in twelve countries this decade,1
New legislation secretly gives government power to arrest citizens without any trial,0
Government launches national apprenticeship program in advanced manufacturing sector,1
New study from independent researchers proves that all wars are staged for profit,0
NASA caught faking space photos in Hollywood studio employees reveal all,0
Eating bananas every morning can make you two inches taller study shows,0
New report shows that digital payment systems have improved financial inclusion globally,1
Bombshell truth about the internet revealed it was built to spy on every human being,0
Researchers discover that certain tree species communicate through underground fungal networks,1
Government caught secretly medicating population through nationwide chemtrail program,0
Top researcher fired after proving that cell phone radiation causes instant cancer,0
Secret society has been controlling weather for over fifty years,0
Scientists discover that eating fast food three times weekly causes permanent brain damage,0
Researchers find that investment in public transport reduces traffic congestion by twenty percent,1
Researchers confirm that certain dietary patterns reduce inflammation in the body,1
Scientists develop new imaging technology that detects tumors at an earlier stage,1
New study links childhood nutrition to better academic performance in later years,1
Government expands access to early childhood education programs in low-income areas,1
New study shows that regular social interaction reduces cognitive decline in elderly people,1
Secret bunker discovered under White House used for shadow government meetings,0
Researchers find that early intervention in childhood hearing loss improves outcomes,1
Big pharma suppressed this natural cancer cure for over thirty years shocking,0
Researchers find that microplastics have been detected in human blood for first time,1
WAKE UP the government is poisoning our food supply with nanobots secretly,0
Explosive revelation government has been secretly reading all emails since nineteen ninety,0
Government report shows significant progress in reducing carbon emissions this year,1
Government announces new tax incentives for companies that hire long-term unemployed,1
New study shows that mindfulness meditation improves attention span in children,1
New electric vehicle model achieves record range on single battery charge,1
Scientists find that coral reef restoration projects show encouraging early results,1
Researchers discover new species of deep sea organism near hydrothermal vent system,1
Researchers develop portable water testing kit for use in remote areas worldwide,1
Researchers find that microplastics have been detected in human blood for first time,1
Researchers develop new adhesive inspired by the natural properties of gecko feet,1
Scientists find evidence of ancient lake system on the surface of Mars,1
World leaders met in secret bunker to plan global economic collapse soon,0
5G towers are mind control devices installed by secret society,0
New study shows that urban green spaces reduce flooding risk by absorbing rainwater,1
Scientists discover ancient cave paintings that rewrite human migration history,1
Scientists discover new species of deep sea fish near Pacific Ocean trench,1
New study shows that access to affordable childcare increases maternal workforce participation,1
Scientists create lab-grown meat product that closely mimics the texture of real beef,1
Shocking truth about the Bermuda Triangle it is actually an alien refueling station,0
Central bank holds interest rates steady as inflation shows signs of easing,1
Government report shows unemployment rate falls to lowest level in two decades,1
Shocking new discovery proves that electricity was known to ancient Egyptians centuries ago,0
New evidence government deliberately destroyed economy to push digital currency agenda,0
New evidence proves that all emails are read by artificial intelligence before delivery,0
Scientists prove that electric cars produce more carbon than regular cars over lifetime,0
New evidence proves that bigfoot is a government experiment that escaped decades ago,0
Top military official reveals on deathbed that aliens have been living among us for years,0
Shocking bombshell whistleblower reveals government plan to poison water with fluoride,0
Scientists develop algorithm that predicts earthquake risk with greater accuracy,1
Bombshell new evidence shows the virus was engineered in a secret government lab,0
Researchers develop new method to detect groundwater contamination faster and cheaply,1
Scientists observe that migratory bird patterns are shifting due to climate change,1
Leaked memo shows government deliberately caused economic crash to steal citizen wealth,0
Study shows that employer wellness programs reduce healthcare costs significantly,1
Scientists confirm that deforestation is linked to increased frequency of flooding,1
Unbelievable leaked memo reveals plan to poison global food supply to reduce population,0
Researchers discover that exercise triggers the release of protective brain chemicals,1
New research links air pollution exposure to increased risk of dementia in elderly,1
Breaking CIA admits to running mind control experiments on unwitting American citizens,0
Scientists observe that urban wildlife populations are adapting to city environments,1
Scientists confirm that the human brain can be remotely controlled using specific frequencies,0
New legislation passed requiring companies to offer paid parental leave to employees,1
New study reveals that deodorant causes breast cancer in women under thirty,0
Researchers discover new pathway in the brain linked to long-term memory formation,1
Deep state exposed plotting to replace all world leaders with robots by 2025,0
New study proves that sugar is not bad it was a lie created by big pharma companies,0
Breaking news government using smart meters to spy on citizens in their own homes daily,0
Scientists develop more efficient solar panel technology using new materials,1
Unbelievable truth about the moon it is actually an artificial satellite built by aliens,0
Bombshell new study finds that wearing masks permanently reduces oxygen to brain,0
This woman cured her blindness by eating specific seeds doctors called it impossible,0
Top researcher fired after proving that cell phone radiation causes instant cancer,0
New study proves that gravity is fake and Einstein was paid to lie to everyone,0
Ancient aliens built the pyramids and left blueprints for time travel,0
Government launches program to train workers for jobs in the clean energy sector,1
Scientists create new biodegradable packaging that dissolves safely in water,1
SHOCKING truth about tap water the government has been hiding for decades,0
Top government official admits on deathbed that UFOs are real and visiting earth,0
Drinking coffee makes you invisible to security cameras say experts,0
Scientists bribed by corporations to hide the truth about GMO food dangers,0
Researchers discover that ancient humans lived alongside now-extinct giant animals,1
Scientists develop more efficient solar panel technology using new materials,1
Tech startup raises funding to develop affordable clean water solutions globally,1
New evidence suggests that earth is actually inside a black hole and we cannot escape,0
Scientists prove that humans are genetically engineered by aliens millions of years ago,0
Scientists discover that certain coral species show unexpected resilience to bleaching,1
Government announces plan to modernize electrical grid to accommodate renewable energy,1
Bill Gates admits depopulation agenda in leaked private meeting recording,0
New report shows global child mortality rates have declined significantly since 2000,1
Researchers develop new technique to convert agricultural waste into biofuel cheaply,1
New evidence proves that climate change is completely natural and humans have no impact,0
City announces plan to plant one million trees over the next ten years to fight heat,1
Doctors hide cure for cancer to keep pharmaceutical companies rich,0
Shocking truth about solar panels they actually produce more pollution than coal plants,0
New legislation passed to increase minimum wage in three major states this year,1
New whistleblower exposes government plan to replace paper money with microchip implants,0
Secret society using weather control to cause massive floods and earthquakes worldwide,0
New report shows economic growth in developing nations outpacing developed world,1
Major bombshell exposed elite kidnapping children for secret underground experiments,0
Researchers find that forests absorb more carbon dioxide than previously estimated,1
Scientists confirm that time travel has been achieved but government keeps it secret,0
Government caught red-handed faking crime statistics to justify police surveillance state,0
Researchers find that deep sleep plays a critical role in clearing waste from the brain,1
Scientists prove that the Bermuda Triangle is actually a portal to another dimension,0
Scientists discover that breathing fresh air causes cancer in urban populations,0
Government caught secretly medicating population through nationwide chemtrail program,0
New report reveals that exercise actually shortens your lifespan significantly,0
Research links regular walking to lower risk of developing type two diabetes,1
New research shows that social isolation increases risk of early death by twenty six percent,1
Celebrity secretly controls world economy from underground bunker,0
Scientists confirm that access to education is strongest predictor of economic mobility,1
New research proves that WiFi signals are destroying human DNA slowly,0
Scientists discover that certain coral species are more resilient to warming oceans,1
Shocking discovery ghosts are actually interdimensional beings that can be photographed,0
University study finds Mediterranean diet linked to better heart health outcomes,1
Scientists confirm that deforestation is linked to increased frequency of flooding,1
Researchers develop new antibiotic effective against drug-resistant bacteria strains,1
Scientists shocked to discover that plants have consciousness and can speak,0
Researchers find that urban heat islands can be reduced with reflective road surfaces,1
Breaking news government secretly testing microwave weapons on prison populations daily,0
New research shows that swimming pools contain chemical that makes people infertile,0
Whistleblower reveals government has list of citizens to be arrested during martial law,0
Breaking news all world governments have secretly agreed to form one global government,0
New study shows that paid sick leave reduces employee turnover by thirty percent,1
Study shows that sunscreen causes more cancer than sun exposure itself,0
Scientists confirm that getting enough sleep reduces risk of obesity in children,1
New study shows that structured after-school programs reduce youth crime rates,1
Scientists confirm that microwaves destroy all nutrients in food making it toxic,0
New study finds that green building standards reduce energy consumption significantly,1
New study shows eating raw garlic every day gives you superhuman immune powers,0
Top astronomer reveals that a second sun exists hidden from humanity by governments,0
New study finds that mobile phones implant thoughts into users brains overnight,0
Researchers develop new water filtration system using sustainable local materials,1
Government introduces new programs to support small businesses in rural communities,1
Climate report shows global temperatures rising faster than previously predicted,1
New study proves that all modern diseases are caused deliberately by the food industry,0
New study confirms that childhood vaccinations do not increase risk of autism,1
New study shows that green roofs in cities can significantly reduce stormwater runoff,1
New study shows that minimum wage increases do not significantly increase unemployment,1
Researchers discover that vitamin D deficiency linked to increased cancer risk,1
Shocking discovery ancient humans could fly using mental powers suppressed by elite,0
Shadow government using Hollywood films to prepare population for alien disclosure,0
Robots already replacing ninety percent of workers but media blackout prevents coverage,0
Scientists develop new cancer immunotherapy approach with promising early trial results,1
New study shows that public parks improve social cohesion in urban communities,1
New research proves that drinking tap water causes permanent liver damage over time,0
New report shows that social safety nets reduce childhood poverty rates significantly,1
City council votes to expand free public Wi-Fi coverage across all neighborhoods,1
Scientists find that reforestation projects are improving biodiversity in degraded lands,1
Researchers create new material that conducts electricity without any heat loss,1
Local hospital opens new wing dedicated to cancer research and patient treatment,1
5G towers are mind control devices installed by secret society,0
New evidence proves that the titanic sinking was deliberately planned by bankers,0
New study proves that all modern diseases are caused deliberately by the food industry,0
Government scientist reveals that anti-gravity technology exists but kept classified secret,0
New legislation passed to improve working conditions for gig economy workers nationwide,1
Shocking new technology discovered that can read human thoughts from one mile away,0
New study shows that community gardens improve both physical and mental health,1
Federal Reserve raises interest rates by quarter point amid inflation concerns,1
New whistleblower reveals that every major war in history was engineered by bankers,0
Scientists say the earth is actually flat and NASA is lying to us,0
Tech company announces layoffs affecting five percent of global workforce today,1
Doctors confirm that vaccines contain microchips to track citizens,0
Scientists find that restored wetlands provide significant carbon storage benefits,1
Scientists confirm that workplace wellness programs reduce absenteeism by twenty percent,1
Scientists discover that human consciousness can survive outside the body proven in lab,0
Study reveals that urban trees significantly reduce heat and improve air quality,1
Election was rigged by foreign power using invisible ink on ballots,0
Chemtrails confirmed government spraying chemicals on population from aircraft,0
Scientists prove that humans only use ten percent of their brain rest is blocked,0
Researchers develop new technique to convert agricultural waste into biofuel cheaply,1
Scientists confirm that regular physical exercise reduces risk of chronic disease,1
Scientists observe that migratory bird patterns are shifting due to climate change,1
Scientists develop new technique to grow organs in the laboratory for transplantation,1
New law secretly passed that gives government access to every home camera nationwide,0
Astronomers detect unusual radio signals coming from distant galaxy cluster,1
Scientists confirm that early childhood education investments yield high economic returns,1
Eating bananas every morning can make you two inches taller study shows,0
Scientists sequence genome of rare plant species that may have medicinal properties,1
Researchers develop faster and cheaper method to test for common diseases,1
Major food company caught putting addictive chemical in products to hook children,0
Shocking truth sunlight does not cause skin cancer it was a myth by sunscreen companies,0
Scientists develop new water purification method using sunlight and natural minerals,1
Explosive leaked audio proves climate change is a globalist hoax to control energy,0
Researchers develop new low-cost diagnostic tool for detecting infectious diseases,1
New vaccine shows ninety percent effectiveness against common respiratory illness,1
The Matrix is real scientists confirm we are living inside a computer simulation,0
Researchers discover that intermittent fasting improves metabolic health markers,1
Scientists confirm that reducing work week to four days maintains productivity levels,1
Secret government document reveals plan to eliminate middle class by two thousand thirty,0
Scientists confirm that regular hand washing significantly reduces spread of disease,1
Researchers find that community college graduates earn significantly more over lifetime,1
City launches new mental health hotline to support residents during difficult times,1
Government caught secretly adding birth control to all processed food products,0
New study proves that reading mainstream news lowers IQ by fifteen points per year,0
Scientists confirm that ozone layer continues its recovery following global treaty,1
Leaked NASA memo confirms intelligent life found on moon kept secret for fifty years,0
Government report confirms that vaccination programs have eliminated several diseases,1
New research shows that crystals can heal cancer better than any modern medicine,0
Scientists find that reforestation projects are improving biodiversity in degraded lands,1
Scientists prove that the internet was built to harvest human consciousness data secretly,0
New study shows that access to banking services reduces poverty in developing countries,1
Study finds that remote work increases productivity for most office workers globally,1
Government secretly replaced world leaders with AI clones ten years ago sources say,0
Scientists discover that gut microbiome controls human thoughts and decisions completely,0
Doctors confirm that eating raw onions every day cures heart disease permanently,0
New report shows that financial literacy education improves long-term economic decisions,1
New research exposes truth that organic food contains hidden chemical compounds,0
Scientists create new alloy that is stronger and lighter than existing materials,1
New proof that the Loch Ness monster is real and government feeds it secretly,0
Scientists discover that eating red meat once weekly causes irreversible DNA damage,0
Leaked memo from top pharmaceutical company admits vaccines cause autism in children,0
Scientists confirm that regular aerobic exercise reduces risk of depression significantly,1
Researchers find that air pollution levels have dropped in major cities globally,1
Bombshell shape-shifting alien caught on live television during prime time broadcast,0
Scientists develop algorithm that predicts earthquake risk with greater accuracy,1
Scientists confirm that air quality regulations have significantly reduced pollution,1
New evidence proves that all smartphones have secret backdoor for government surveillance,0
Researchers develop new method to detect groundwater contamination faster and cheaply,1
Scientists confirm that regular aerobic exercise improves memory and brain function,1
New report shows that renewable energy jobs now outnumber fossil fuel jobs globally,1
Researchers find that public library usage correlates with lower crime rates in cities,1
Scientists observe rare astronomical event as two neutron stars merge in space,1
New research reveals that wind turbines cause cancer in people living within fifty miles,0
Scientists develop new coating that prevents ice buildup on aircraft wings safely,1
Scientists prove that the Bermuda Triangle is actually a portal to another dimension,0
Whistleblower exposes secret program where government replaced politicians with clones,0
Famous scientist admits on record that black holes do not exist they are a cover,0
Scientists find that plant-based diets reduce the risk of heart disease significantly,1
Leaked document reveals that social media algorithms are designed to cause depression,0
Scientists discover that certain coral species are more resilient to warming oceans,1
New world order agenda exposed in leaked document nobody is talking about this,0
Local school district introduces coding curriculum for elementary school students,1
New study confirms that breastfeeding reduces risk of childhood obesity significantly,1
Bombshell exposed elite using children blood to extend their lives decades longer,0
New report shows that investment in early childhood education has long-term benefits,1
They are hiding this from you the real reason behind all modern wars is population control,0
New report shows that investment in early childhood nutrition improves lifetime earnings,1
Scientists confirm that human aging is artificially accelerated by chemicals in food,0
New study shows that television watching rewires the brain to accept authority without question,0
New study shows that yoga permanently damages the spine in ninety percent of users,0
Government scientist reveals that anti-gravity technology exists but kept classified secret,0
Researchers discover that certain gut bacteria are linked to better mental health,1
City council approves new zoning laws to allow more affordable housing development,1
Shocking new evidence proves that major historical events were staged for political control,0
